timestamp_utc,gpu_name,utilization_gpu_percent,memory_used_mb,memory_total_mb
2026-08-18T18:24:26.948568Z,NVIDIA GeForce RTX 5060 Ti,0.0,942.0,16311.0
2026-08-18T18:24:28.282017Z,NVIDIA GeForce RTX 5060 Ti,4.0,1269.0,16311.0
2026-08-18T18:24:29.340464Z,NVIDIA GeForce RTX 5060 Ti,4.0,1400.0,16311.0
2026-08-18T18:24:30.960325Z,NVIDIA GeForce RTX 5060 Ti,0.0,4038.0,16311.0
2026-08-18T18:24:32.017797Z,NVIDIA GeForce RTX 5060 Ti,0.0,4038.0,16311.0
2026-08-18T18:24:33.084357Z,NVIDIA GeForce RTX 5060 Ti,0.0,4139.0,16311.0
2026-08-18T18:24:34.153402Z,NVIDIA GeForce RTX 5060 Ti,4.0,4153.0,16311.0
2026-08-18T18:24:35.238027Z,NVIDIA GeForce RTX 5060 Ti,75.0,4422.0,16311.0
2026-08-18T18:24:36.320026Z,NVIDIA GeForce RTX 5060 Ti,66.0,4422.0,16311.0
2026-08-18T18:24:37.395199Z,NVIDIA GeForce RTX 5060 Ti,68.0,4422.0,16311.0
2026-08-18T18:24:38.478200Z,NVIDIA GeForce RTX 5060 Ti,32.0,4432.0,16311.0
2026-08-18T18:24:39.564034Z,NVIDIA GeForce RTX 5060 Ti,35.0,4430.0,16311.0
2026-08-18T18:24:40.644035Z,NVIDIA GeForce RTX 5060 Ti,31.0,4430.0,16311.0
2026-08-18T18:24:41.707034Z,NVIDIA GeForce RTX 5060 Ti,32.0,4430.0,16311.0
2026-08-18T18:24:42.789034Z,NVIDIA GeForce RTX 5060 Ti,33.0,4430.0,16311.0
2026-08-18T18:24:43.868034Z,NVIDIA GeForce RTX 5060 Ti,33.0,4430.0,16311.0
2026-08-18T18:24:44.950434Z,NVIDIA GeForce RTX 5060 Ti,33.0,4430.0,16311.0
2026-08-18T18:24:46.027556Z,NVIDIA GeForce RTX 5060 Ti,32.0,4430.0,16311.0
2026-08-18T18:24:47.106556Z,NVIDIA GeForce RTX 5060 Ti,32.0,4430.0,16311.0
2026-08-18T18:24:48.186683Z,NVIDIA GeForce RTX 5060 Ti,32.0,4430.0,16311.0
2026-08-18T18:24:49.253144Z,NVIDIA GeForce RTX 5060 Ti,32.0,4430.0,16311.0
2026-08-18T18:24:50.333033Z,NVIDIA GeForce RTX 5060 Ti,32.0,4430.0,16311.0
2026-08-18T18:24:51.416033Z,NVIDIA GeForce RTX 5060 Ti,32.0,4430.0,16311.0
2026-08-18T18:24:52.497034Z,NVIDIA GeForce RTX 5060 Ti,33.0,4430.0,16311.0
2026-08-18T18:24:53.578034Z,NVIDIA GeForce RTX 5060 Ti,32.0,4430.0,16311.0
2026-08-18T18:24:54.659198Z,NVIDIA GeForce RTX 5060 Ti,32.0,4430.0,16311.0
2026-08-18T18:24:55.741305Z,NVIDIA GeForce RTX 5060 Ti,32.0,4430.0,16311.0
2026-08-18T18:24:56.823406Z,NVIDIA GeForce RTX 5060 Ti,33.0,4430.0,16311.0
2026-08-18T18:24:57.903407Z,NVIDIA GeForce RTX 5060 Ti,32.0,4430.0,16311.0
2026-08-18T18:24:58.981830Z,NVIDIA GeForce RTX 5060 Ti,32.0,4430.0,16311.0
2026-08-18T18:25:00.060830Z,NVIDIA GeForce RTX 5060 Ti,32.0,4430.0,16311.0
2026-08-18T18:25:01.143830Z,NVIDIA GeForce RTX 5060 Ti,32.0,5180.0,16311.0
2026-08-18T18:25:02.226789Z,NVIDIA GeForce RTX 5060 Ti,94.0,5366.0,16311.0
2026-08-18T18:25:03.296060Z,NVIDIA GeForce RTX 5060 Ti,95.0,5366.0,16311.0
2026-08-18T18:25:04.381059Z,NVIDIA GeForce RTX 5060 Ti,93.0,5366.0,16311.0
2026-08-18T18:25:05.457069Z,NVIDIA GeForce RTX 5060 Ti,93.0,5366.0,16311.0
2026-08-18T18:25:06.540059Z,NVIDIA GeForce RTX 5060 Ti,94.0,5366.0,16311.0
2026-08-18T18:25:07.626061Z,NVIDIA GeForce RTX 5060 Ti,94.0,5366.0,16311.0
2026-08-18T18:25:08.692945Z,NVIDIA GeForce RTX 5060 Ti,95.0,5366.0,16311.0
2026-08-18T18:25:09.762946Z,NVIDIA GeForce RTX 5060 Ti,93.0,5366.0,16311.0
2026-08-18T18:25:10.833142Z,NVIDIA GeForce RTX 5060 Ti,94.0,5366.0,16311.0
2026-08-18T18:25:11.904142Z,NVIDIA GeForce RTX 5060 Ti,94.0,5366.0,16311.0
2026-08-18T18:25:12.973142Z,NVIDIA GeForce RTX 5060 Ti,94.0,5366.0,16311.0
2026-08-18T18:25:14.044143Z,NVIDIA GeForce RTX 5060 Ti,92.0,5366.0,16311.0
2026-08-18T18:25:15.124142Z,NVIDIA GeForce RTX 5060 Ti,93.0,5366.0,16311.0
2026-08-18T18:25:16.180143Z,NVIDIA GeForce RTX 5060 Ti,92.0,5366.0,16311.0
2026-08-18T18:25:17.253145Z,NVIDIA GeForce RTX 5060 Ti,93.0,5366.0,16311.0
2026-08-18T18:25:18.338143Z,NVIDIA GeForce RTX 5060 Ti,93.0,5366.0,16311.0
2026-08-18T18:25:19.424143Z,NVIDIA GeForce RTX 5060 Ti,94.0,5370.0,16311.0
2026-08-18T18:25:20.511142Z,NVIDIA GeForce RTX 5060 Ti,94.0,5370.0,16311.0
2026-08-18T18:25:21.594479Z,NVIDIA GeForce RTX 5060 Ti,92.0,5370.0,16311.0
2026-08-18T18:25:22.664479Z,NVIDIA GeForce RTX 5060 Ti,95.0,5370.0,16311.0
2026-08-18T18:25:23.748480Z,NVIDIA GeForce RTX 5060 Ti,92.0,5370.0,16311.0
2026-08-18T18:25:24.818479Z,NVIDIA GeForce RTX 5060 Ti,91.0,5370.0,16311.0
2026-08-18T18:25:25.905480Z,NVIDIA GeForce RTX 5060 Ti,92.0,5370.0,16311.0
2026-08-18T18:25:26.992789Z,NVIDIA GeForce RTX 5060 Ti,94.0,5370.0,16311.0
2026-08-18T18:25:28.064788Z,NVIDIA GeForce RTX 5060 Ti,93.0,5370.0,16311.0
2026-08-18T18:25:29.133788Z,NVIDIA GeForce RTX 5060 Ti,92.0,5370.0,16311.0
2026-08-18T18:25:30.206788Z,NVIDIA GeForce RTX 5060 Ti,90.0,5370.0,16311.0
2026-08-18T18:25:31.290789Z,NVIDIA GeForce RTX 5060 Ti,92.0,5370.0,16311.0
2026-08-18T18:25:32.374618Z,NVIDIA GeForce RTX 5060 Ti,92.0,5370.0,16311.0
2026-08-18T18:25:33.459606Z,NVIDIA GeForce RTX 5060 Ti,94.0,5370.0,16311.0
2026-08-18T18:25:34.529612Z,NVIDIA GeForce RTX 5060 Ti,88.0,5370.0,16311.0
2026-08-18T18:25:35.614605Z,NVIDIA GeForce RTX 5060 Ti,93.0,5370.0,16311.0
2026-08-18T18:25:36.668605Z,NVIDIA GeForce RTX 5060 Ti,93.0,5370.0,16311.0
2026-08-18T18:25:37.739605Z,NVIDIA GeForce RTX 5060 Ti,95.0,5370.0,16311.0
2026-08-18T18:25:38.826933Z,NVIDIA GeForce RTX 5060 Ti,92.0,5370.0,16311.0
2026-08-18T18:25:39.911933Z,NVIDIA GeForce RTX 5060 Ti,92.0,5370.0,16311.0
2026-08-18T18:25:40.979933Z,NVIDIA GeForce RTX 5060 Ti,94.0,5370.0,16311.0
2026-08-18T18:25:42.051933Z,NVIDIA GeForce RTX 5060 Ti,94.0,5370.0,16311.0
2026-08-18T18:25:43.137934Z,NVIDIA GeForce RTX 5060 Ti,93.0,5370.0,16311.0
2026-08-18T18:25:44.205932Z,NVIDIA GeForce RTX 5060 Ti,93.0,5370.0,16311.0
2026-08-18T18:25:45.275933Z,NVIDIA GeForce RTX 5060 Ti,94.0,5370.0,16311.0
2026-08-18T18:25:46.361934Z,NVIDIA GeForce RTX 5060 Ti,95.0,5370.0,16311.0
2026-08-18T18:25:47.432934Z,NVIDIA GeForce RTX 5060 Ti,92.0,5370.0,16311.0
2026-08-18T18:25:48.506935Z,NVIDIA GeForce RTX 5060 Ti,94.0,5370.0,16311.0
2026-08-18T18:25:49.574935Z,NVIDIA GeForce RTX 5060 Ti,93.0,5370.0,16311.0
2026-08-18T18:25:50.631935Z,NVIDIA GeForce RTX 5060 Ti,94.0,5370.0,16311.0
2026-08-18T18:25:51.695390Z,NVIDIA GeForce RTX 5060 Ti,95.0,5370.0,16311.0
2026-08-18T18:25:52.780350Z,NVIDIA GeForce RTX 5060 Ti,94.0,5370.0,16311.0
2026-08-18T18:25:53.866349Z,NVIDIA GeForce RTX 5060 Ti,94.0,5370.0,16311.0
2026-08-18T18:25:54.936365Z,NVIDIA GeForce RTX 5060 Ti,93.0,5370.0,16311.0
2026-08-18T18:25:56.022394Z,NVIDIA GeForce RTX 5060 Ti,94.0,5370.0,16311.0
2026-08-18T18:25:57.106395Z,NVIDIA GeForce RTX 5060 Ti,94.0,5370.0,16311.0
2026-08-18T18:25:58.177394Z,NVIDIA GeForce RTX 5060 Ti,94.0,5370.0,16311.0
2026-08-18T18:25:59.232394Z,NVIDIA GeForce RTX 5060 Ti,94.0,5370.0,16311.0
2026-08-18T18:26:00.303396Z,NVIDIA GeForce RTX 5060 Ti,93.0,5370.0,16311.0
2026-08-18T18:26:01.371394Z,NVIDIA GeForce RTX 5060 Ti,93.0,5370.0,16311.0
2026-08-18T18:26:02.440396Z,NVIDIA GeForce RTX 5060 Ti,95.0,5370.0,16311.0
2026-08-18T18:26:03.527395Z,NVIDIA GeForce RTX 5060 Ti,94.0,5370.0,16311.0
2026-08-18T18:26:04.611396Z,NVIDIA GeForce RTX 5060 Ti,92.0,5370.0,16311.0
2026-08-18T18:26:05.684395Z,NVIDIA GeForce RTX 5060 Ti,93.0,5370.0,16311.0
2026-08-18T18:26:06.752715Z,NVIDIA GeForce RTX 5060 Ti,94.0,5370.0,16311.0
2026-08-18T18:26:07.837713Z,NVIDIA GeForce RTX 5060 Ti,93.0,5370.0,16311.0
2026-08-18T18:26:08.908713Z,NVIDIA GeForce RTX 5060 Ti,94.0,5370.0,16311.0
2026-08-18T18:26:09.984714Z,NVIDIA GeForce RTX 5060 Ti,95.0,5370.0,16311.0
2026-08-18T18:26:11.050714Z,NVIDIA GeForce RTX 5060 Ti,92.0,5370.0,16311.0
2026-08-18T18:26:12.116716Z,NVIDIA GeForce RTX 5060 Ti,94.0,5370.0,16311.0
2026-08-18T18:26:13.201714Z,NVIDIA GeForce RTX 5060 Ti,94.0,5370.0,16311.0
2026-08-18T18:26:14.259714Z,NVIDIA GeForce RTX 5060 Ti,94.0,5370.0,16311.0
2026-08-18T18:26:15.344752Z,NVIDIA GeForce RTX 5060 Ti,94.0,5370.0,16311.0
2026-08-18T18:26:16.431750Z,NVIDIA GeForce RTX 5060 Ti,92.0,5370.0,16311.0
2026-08-18T18:26:17.516750Z,NVIDIA GeForce RTX 5060 Ti,93.0,5370.0,16311.0
2026-08-18T18:26:18.589753Z,NVIDIA GeForce RTX 5060 Ti,93.0,5370.0,16311.0
2026-08-18T18:26:19.658750Z,NVIDIA GeForce RTX 5060 Ti,92.0,5370.0,16311.0
2026-08-18T18:26:20.742751Z,NVIDIA GeForce RTX 5060 Ti,94.0,5370.0,16311.0
2026-08-18T18:26:21.826750Z,NVIDIA GeForce RTX 5060 Ti,91.0,5370.0,16311.0
2026-08-18T18:26:22.896750Z,NVIDIA GeForce RTX 5060 Ti,94.0,5370.0,16311.0
2026-08-18T18:26:23.967750Z,NVIDIA GeForce RTX 5060 Ti,93.0,5370.0,16311.0
2026-08-18T18:26:25.054751Z,NVIDIA GeForce RTX 5060 Ti,94.0,5370.0,16311.0
2026-08-18T18:26:26.139461Z,NVIDIA GeForce RTX 5060 Ti,92.0,5370.0,16311.0
2026-08-18T18:26:27.222463Z,NVIDIA GeForce RTX 5060 Ti,94.0,5370.0,16311.0
2026-08-18T18:26:28.308462Z,NVIDIA GeForce RTX 5060 Ti,94.0,5370.0,16311.0
2026-08-18T18:26:29.377460Z,NVIDIA GeForce RTX 5060 Ti,93.0,5370.0,16311.0
2026-08-18T18:26:30.431009Z,NVIDIA GeForce RTX 5060 Ti,26.0,5370.0,16311.0
2026-08-18T18:26:30.959070Z,NVIDIA GeForce RTX 5060 Ti,0.0,2854.0,16311.0
